minutes_watched,CLV,region,channel
3197,205.42,2,4
63,149.99,0,1
605,119,2,2
20,240,2,4
245,184.36,1,4
259,418.63,0,3
5456,245.17,0,1
247,177.98,1,3
160,283.44,0,3
77,295.97,1,1
231,202.88,0,3
611,149.99,0,4
5915,366.45,1,1
816,82.58,2,3
1312,269.97,2,3
28988,253.93,2,8
1319,193.63,0,1
9158,53.94,0,1
51411,449.42,2,3
2812,207.12,1,3
5811,180.17,2,3
1574,180.17,1,6
8121,269.97,0,8
399,149.99,2,4
1817,269.97,0,3
42437,285.76,0,3
5574,286.17,2,3
266,149.99,2,7
4461,287.49,0,1
3326,102.18,2,4
9410,185.98,2,5
1632,202.04,2,1
4071,149.98,0,7
14036,180.52,2,3
6438,515.24,2,1
2984,363.79,1,3
61,149.99,0,4
4499,86.24,2,2
315,149.98,0,4
2991,306.58,2,1
7761,176.98,2,1
1293,358.18,1,1
3602,269.96,2,1
2843,286.09,0,7
2646,269.97,0,3
1582,75.42,2,4
6404,528.89,2,1
8413,302.11,1,3
3492,223.22,1,7
34370,295.71,0,1
1188,147,2,1
611,353.53,0,3
980,359.03,0,4
1171,268.99,2,5
55380,64.8,0,7
3,213.61,2,4
1616,174.01,2,3
288,184.44,2,7
1465,270.49,0,1
6331,99,2,4
313,118.47,2,1
804,213.97,2,3
1971,207.55,0,3
1054,172.8,2,7
9138,245.98,2,4
2128,333.9,0,3
3875,331.99,0,3
12436,84.96,2,3
3564,62.58,2,1
2571,36,0,8
214,119,0,3
10616,350.09,2,7
55539,313.2,2,3
11578,285.36,2,3
766,177.41,2,1
2912,269.97,0,6
3229,62.58,2,1
37167,388.62,2,3
59,129.6,2,4
1390,46,2,4
2778,227.78,1,4
613,184.44,0,1
9005,285.36,0,1
4315,149.99,2,3
262,174,2,4
4308,184.45,2,3
89131,496.08,0,7
2327,330.6,2,3
1602,184.43,2,7
671,269.76,0,6
2408,82.04,2,2
6937,174,2,7
94,149.99,2,1
5554,484.69,1,3
228,64.8,0,7
7270,302.48,0,3
126,91.5,2,3
6012,207.06,2,7
6197,169.04,1,1
4139,331.99,2,3
828,233.63,1,1
2076,36,2,3
2967,62.58,2,3
115,150.64,0,1
2719,187.57,2,3
1166,62.58,2,1
2432,149.99,2,1
6261,245.98,2,1
22927,245.98,0,3
5912,279.59,2,1
5935,245.98,2,3
25,149.68,0,1
15163,149.99,2,1
4199,149.99,2,3
2334,248.43,0,2
19502,171.58,2,1
4087,184.44,0,1
302,150,2,3
6853,149.99,2,3
3194,62.58,2,7
43,63.63,2,3
2311,147,2,1
2387,207.57,1,6
2964,313.2,2,7
2931,184.44,2,1
1707,149.99,0,7
13349,64.8,2,3
2389,331.99,2,2
1242,331.99,0,3
997,149.72,0,3
2058,230.97,1,1
171,149.99,0,1
927,212.91,1,1
229,184.44,0,3
2575,149.99,2,3
26240,64.8,0,8
13035,365.71,1,4
1162,119,0,3
33,149.99,0,1
401,323.82,1,3
8273,207.37,1,3
3021,172.15,2,7
291,325.04,2,1
3500,62.58,2,2
7692,271.71,0,3
7638,184.64,2,3
14810,285.36,2,1
1187,360.88,1,7
55284,64.8,0,1
5849,342.2,2,3
3632,270.69,0,6
24213,199.49,2,4
357,149.99,2,1
5605,304.63,1,3
9074,119,0,2
3997,343.82,1,3
1443,313.77,2,7
1409,19,2,8
48,119,2,4
1268,313.26,2,1
46,63.63,2,4
8231,174.14,0,1
20799,174,0,1
957,269.98,0,7
348,174,0,3
2522,313.42,0,3
14187,267.48,0,3
3750,331.79,0,3
1407,146.93,0,1
1915,62.58,2,1
72,259.02,2,7
1354,119,2,8
263,182.51,1,6
585,149.99,2,3
1569,302.48,0,3
2031,174,0,1
3468,443.98,0,3
247,119,0,3
1231,184.44,0,3
54,49.5,0,1
289,121,2,1
444,77.3,2,4
423,36,0,8
629,150.24,2,3
507,62.58,2,1
2483,184.44,2,3
8867,245.98,2,1
32131,292.6,1,3
2623,149.99,2,3
909,149.99,2,3
21279,269.98,2,7
356,149.99,2,6
8022,48.6,0,3
1502,269.98,2,2
94,149.99,2,3
32947,217.18,2,6
9723,157.2,2,6
20292,245.98,2,8
3704,61.2,2,1
9930,62.58,2,4
1869,149.99,2,6
2283,246.42,0,3
780,149.99,2,2
34,358,1,2
771,162.37,2,2
12035,217.44,2,1
364,62.58,2,4
163,270.04,2,4
3001,24.71,2,1
19622,245.98,2,3
4384,245.98,2,1
1224,269.98,2,3
538,149.99,2,6
1116,149.99,2,1
1518,150.44,0,1
,300.06,0,4
189,150.19,2,3
2781,184.44,0,3
484,9.5,2,1
1416,19,2,3
831,149.99,2,2
1852,62.58,2,3
176,36,2,3
488,121,0,1
25571,144,0,3
616,348.13,0,3
694,184.44,2,2
1512,174.61,2,4
929,149.99,0,1
3153,99,1,1
14177,230.35,0,1
1914,174,2,1
382,174,0,1
81,331.99,0,3
1827,149.99,2,8
1548,184.44,2,3
5193,174.62,0,3
26,149.99,0,3
756,174,1,4
5454,149.99,2,1
620,184.44,0,1
229,174,0,4
371,173.99,2,1
1517,173.59,0,8
188,119,0,4
1360,174,2,2
11949,378.8,1,2
749,172.8,0,7
46,145.67,1,1
2252,394.64,1,1
15353,626.4,2,3
8623,335.41,1,1
920,174,0,3
654,141.12,2,4
115,147.12,2,3
173,62.58,2,1
1749,182.16,1,3
520,178.03,1,7
2729,413.78,1,7
491,72.56,2,7
1335,174,2,3
5306,270.4,1,3
5561,184.44,0,3
3697,64.8,0,3
989,181.12,1,1
2938,82.05,2,7
446,62.22,2,6
3562,90.86,2,1
314,49.5,0,3
417,222.32,1,3
234,174,0,3
714,184.44,2,3
65,129.6,2,1
2512,174,2,3
12723,373.73,2,3
7207,173.5,0,8
14553,441.9,1,1
1394,240,2,3
3767,174,2,3
292,187.95,1,3
40488,185.7,0,7
14621,18,2,4
913,184.14,1,4
133,62.57,2,7
2085,273,0,3
643,174,0,1
8289,211.44,2,3
1164,149.99,1,3
186,62.58,2,1
1,149.99,0,1
686,149.99,2,3
901,133,0,1
1750,173.45,0,3
89,184.51,0,1
461,184.44,0,7
5156,106.1,0,4
41,62.58,2,6
1653,91.5,2,3
1606,149.8,1,1
631,240,0,7
1614,149.99,0,1
1028,149.98,2,1
1675,119,2,4
918,68.36,2,7
1861,149.99,0,3
2595,149.66,2,3
2239,149.99,2,3
203,149.99,0,1
152,149.99,2,4
1055,149.99,2,3
653,30,2,3
914,149.99,0,4
380,149.99,0,1
1379,149.99,2,7
674,149.99,2,3
1743,149.99,0,3
5004,149.99,2,1
5357,149.74,0,1
4587,133.75,1,3
539,149.99,0,3
826,184.44,0,3
396,178.14,1,3
836,149.99,2,3
11346,149.99,2,1
983,150,0,6
476,149.99,2,8
1785,10,1,2
125,149.99,0,3
68,149.99,2,3
409,178.8,1,3
321,138,0,1
666,150.13,2,1
150,150.28,0,2
320,79.41,2,3
3230,174,0,3
3461,239.96,1,3
220,184.44,0,3
1127,174.28,0,3
289,62.58,2,3
372,27,2,6
3702,174,2,7
130,181.95,1,2
544,174,0,3
1305,184.44,2,3
2505,212.97,1,1
263,149.99,0,7
110,174,0,7
0,183.92,0,3
1283,184.44,2,3
1741,62.58,2,3
21,137.99,0,7
6132,174,2,1
12677,150.42,0,3
661,186.9,0,3
148,62.56,2,3
1972,184.04,0,6
4440,138,0,1
198,141.26,1,3
3555,184.44,2,3
1615,149.99,2,1
339,212.94,1,6
202,149.99,2,3
536,62.58,2,2
190,174,2,7
785,62.58,2,1
108329,344.4,2,3
28815,269.67,1,8
366,137.98,0,1
,43.82,1,3
1146,174,2,3
10438,55,2,3
1171,174.22,2,4
1132,221.47,1,7
514,184.45,2,1
5018,184.44,0,1
827,184.44,2,7
10796,64.8,2,1
1277,149.99,2,3
3076,182.55,0,4
8158,174,2,3
530,34.2,2,7
761,174.47,0,3
504,184.44,0,3
692,144.45,1,6
429,142.15,1,8
2377,65.88,2,5
7800,209.92,1,3
577,62.58,2,4
372,178.91,1,7
402,122.56,1,1
697,174,0,3
2383,168.23,2,3
277,36.19,0,3
588,285.23,1,4
742,86.25,2,4
17266,184.8,1,6
2303,174,0,1
11916,64.8,0,1
2659,155,2,7
499,36,2,4
18983,209.78,1,6
1373,61.2,2,3
15877,59.04,0,3
1904,62.58,2,1
1322,86.25,2,1
45,174,0,2
714,177.69,1,3
1804,149.98,2,1
3216,93.67,2,1
144,143.28,2,1
1383,243.14,1,2
47,212.76,1,1
289,118.58,0,2
2238,128.36,1,3
457,149.99,2,3
1995,62.58,2,8
27636,136.21,1,1
58,36,2,1
13482,64.8,2,3
89,149.99,2,3
468,149.99,2,3
143,178.24,1,3
3570,209.29,1,1
497,174,0,2
0,4.19,2,3
800,62.57,2,5
500,149.99,0,1
291,149.99,2,3
426,174,0,3
147,174,2,1
967,36,0,3
732,215.76,2,7
383,180.58,1,1
124,347.19,0,3
814,149.53,0,7
7567,347.05,0,8
1,49.36,0,8
158,27,2,1
3626,160.97,0,3
7585,118.91,2,6
0,149.61,1,7
74,184.44,0,3
1745,216.52,0,6
9094,184.37,1,6
843,36,2,7
255,149.99,0,3
4588,174.6,2,7
4307,174.6,2,3
655,149.99,2,6
935,118.63,0,4
2408,149.99,0,1
317,118.32,2,3
927,149.63,0,3
79,149.99,0,2
2250,149.99,0,2
7,62.58,2,1
10865,0,2,3
1398,36,2,4
994,62.58,2,3
3177,146.4,2,6
261,149.99,0,3
234,149.99,1,1
1315,149.99,0,8
393,149.99,0,3
840,149.99,0,6
804,178.83,1,8
2542,119,0,3
0,149.99,2,1
282,138,0,3
2897,179.59,2,1
,150.28,0,6
1506,97.1,0,1
278,269.22,0,1
961,36,2,1
218,36,2,1
32,150.42,0,7
1303,149.99,2,1
350,149.99,0,7
1041,180.93,1,1
19092,149.99,2,8
32,149.98,2,7
18778,149.99,2,2
407,149.99,2,3
325,152.56,0,1
178,149.99,0,3
368,149.99,0,3
92,36,2,6
21,181.87,1,6
1213,57.75,1,3
296,36,2,3
0,36,0,3
3240,146.89,2,3
199,149.99,0,1
137,149.99,0,6
0,149.99,0,1
293,62.58,2,4
143,149.99,0,3
187,62.58,2,3
2104,148.75,1,1
86,150.14,0,3
1488,180.34,1,3
3888,205.54,0,3
457,220.44,2,2
0,149.99,0,8
362,119,0,4
6463,149.99,0,7
83,149.99,2,3
5846,70,2,3
52,149.99,0,2
516,149.99,2,3
1900,179.25,1,3
1240,150.64,0,3
3395,149.99,0,1
2969,149.64,2,4
907,180.69,1,8
4600,238.02,0,6
518,149.99,0,3
559,118.7,0,3
3121,149.99,2,4
30,149.99,2,3
200,62.57,2,3
53,179.12,2,3
767,188.15,1,3
29,150.18,0,1
1266,149.99,2,3
5558,48.6,2,3
42,141.61,1,3
70,149.99,0,8
5,149.99,0,3
235,178.03,1,7
1091,184.44,2,6
615,149.99,0,8
3895,149.99,2,3
48,174.13,0,4
2233,149.99,2,3
492,52.06,2,4
57,178.16,1,3
2246,150.04,0,1
37797,153.2,2,3
53,149.99,0,3
2973,187.04,1,3
599,149.99,2,4
1575,149.57,0,1
429,149.99,2,3
316,182.07,1,1
,149.99,2,3
2539,396.48,1,3
4219,150.32,2,2
4369,149.99,2,3
603,178.46,1,3
2148,178.22,1,1
48,149.99,0,3
1051,75.43,2,1
1240,138,2,3
1647,119.25,2,7
1679,149.75,0,3
173,149.99,0,3
125,149.99,2,3
428,605.99,2,3
62,149.99,0,8
323,149.99,2,3
3038,149.99,0,7
1708,119,2,1
1305,181.24,1,3
84,149.99,0,3
1419,119.39,0,1
121,215.76,2,4
863,78.19,1,2
0,77.3,0,8
4929,265.5,2,3
540,174,0,6
4637,173.39,0,7
736,107.72,2,6
15700,165.3,1,3
15,219.5,1,3
917,184.44,2,3
887,220.75,2,4
53,62.58,2,3
2739,208.02,1,2
1870,199.92,2,3
47,174,0,1
448,174,0,3
560,156,2,3
189,211.49,1,2
3884,174.14,2,3
211,63.63,2,5
991,174,0,3
2937,64.8,2,7
1340,36,2,3
0,97,2,7
1549,167.97,0,3
399,174,0,3
120,27,0,3
129,184.55,0,7
4659,36,2,5
1112,36,0,1
109,174,0,3
94,62.58,2,4
3103,214.36,1,3
83,61.88,1,1
164,284.56,1,6
377,36,0,3
95,174,2,3
17873,78.23,2,8
1713,91.5,2,3
1331,91.5,2,3
7215,64.8,0,3
203,119,0,4
922,36,2,1
54,138.65,2,6
4,386,1,6
5660,286.81,1,3
6380,172.78,2,3
654,149.76,0,7
2053,62.58,2,4
1269,27,2,4
1360,62.58,2,7
28,146.58,2,6
10245,91.5,2,4
1399,174,2,4
373,174,0,3
340,49.5,2,4
7356,119,2,8
375,62.58,2,3
1494,19,2,4
45,164.88,1,3
974,63.63,2,1
11157,174,2,1
3116,184.3,0,4
2514,215.76,0,7
1585,184.44,0,3
569,36,0,1
2314,62.58,2,1
1154,34.2,2,7
282,19,2,8
528,14.25,2,7
277,49.5,2,8
195,184.44,0,3
14615,59.04,0,3
3938,205.84,2,6
175,42.68,2,4
10,174.51,0,6
821,62.58,2,3
0,172.78,2,8
41,49.41,0,8
1078,240.22,1,6
490,230.23,2,3
1902,119,0,3
141,119,0,3
2131,96.99,2,4
26141,221.97,1,7
0,49.53,0,8
671,35.92,0,1
219,62.57,2,1
8952,142.4,2,3
3437,48.6,2,3
234,19,2,3
15,91.5,0,8
508,119,0,8
359,62.58,2,4
474,19,2,7
21954,292.95,1,3
84,37.98,1,7
1733,209.71,1,2
938,129.6,0,4
277,74.47,1,7
11,118.38,0,4
418,142.65,0,3
2932,198.18,1,3
8075,119,2,7
830,174,0,3
269,182.51,1,6
3370,72.18,0,3
0,0,1,2
74,174,0,3
1441,62.58,2,1
709,32.75,1,1
384,223.5,0,7
4875,62.58,2,4
1999,91.96,0,1
136,170.5,0,3
140,147.86,2,3
42,121,0,3
850,178.49,1,3
2315,146.55,2,2
88,184.44,0,3
371,174,2,3
1653,174,2,8
675,173.08,0,3
272,174,0,3
1968,220.34,1,3
96,199.49,0,4
177,174,0,1
944,19,2,1
325,64.8,0,3
15,121,0,6
576,146.92,1,3
207,174,0,3
443,62.58,2,8
2029,38.06,2,3
209,184.44,0,3
1521,348,2,3
178,137.38,0,3
874,150.54,0,6
557,14.25,2,3
557,174,0,1
7050,303.44,0,3
570,91.5,2,4
6812,154.88,0,3
1017,81.36,0,3
1260,118.95,2,4
784,36,0,1
531,64.8,0,8
15053,148.41,0,8
295,119,0,8
384,91.5,2,3
62,160,0,3
359,118.9,0,1
985,118.58,2,7
192,19,2,3
1116,64.8,0,4
122,119,0,1
15413,36,2,7
11954,36,2,4
253,32.52,1,1
1027,119.32,2,3
474,119,0,1
233,77.31,2,1
328,97,2,3
134,119,0,1
947,142.51,2,1
488,164.54,1,1
1049,119.34,0,3
2301,119.06,0,2
8793,123.65,0,1
311,119.11,1,3
13,118.96,0,1
182,184.44,0,3
89,62.58,2,3
607,62.57,2,1
17137,176.03,2,7
130,62.58,2,4
1004,62.58,1,4
133,143.52,1,4
1111,118.31,0,4
2761,62.58,2,4
2295,36,0,3
296,119.38,2,4
2598,89.29,2,4
1362,62.58,2,4
0,119.01,0,4
1147,141.51,2,4
105,119.26,0,4
670,62.57,2,4
0,62.57,2,4
603,149.99,2,4
166,179.34,1,6
7,142.82,1,4
86,62.58,2,4
81,62.58,2,6
348,119,0,4
84,138,2,4
2589,119,2,4
310,62.58,2,4
,62.58,2,6
235,156,2,4
11429,36,0,4
23,119,0,4
78,62.58,2,7
2087,119,0,4
511,149.99,2,5
2201,91.8,2,7
1027,62.58,2,4
449,119,0,4
4900,148.69,1,4
112,62.58,2,4
299,119,2,4
2038,218,2,4
198,119,2,7
905,144.18,2,4
54,119,2,4
49,62.58,0,4
914,144.72,1,6
2720,91.5,2,1
2221,119,0,4
2345,119,0,4
1047,62.58,2,4
1103,155,2,7
1301,119,0,4
26,62.58,2,7
0,119,2,2
179,62.58,2,7
38,72.57,2,4
15,62.58,2,7
731,119,1,3
929,145.17,1,4
551,62.58,2,5
36,119,2,4
72,62.58,2,4
303,119,0,3
82,62.58,2,3
340,118.84,0,3
4329,119,2,4
421,78.88,2,4
819,119,2,4
856,218,2,4
70,75.2,2,4
709,119,2,3
12,78.88,2,4
2898,90,2,4
1903,63.63,2,7
10302,62.58,2,4
89,119,2,4
474,119,2,4
275,62.58,2,6
137,36,2,4
886,62.58,2,3
2640,129.78,2,4
354,163.37,0,1
699,206.18,1,1
417,151,0,3
1038,14.25,2,3
5704,62.58,2,3
135,141.23,1,7
0,119,2,2
6802,36,0,4
3806,142.03,1,7
1434,119.05,0,3
808,62.58,2,1
69,119,2,4
264,151.41,0,4
10,151,2,4
35,77.3,2,3
98,142.05,1,4
218,118.55,0,4
24860,151.03,2,8
402,119,2,4
4378,348,0,8
859,144.45,1,3
168,119,2,6
713,149.99,1,4
1462,62.58,2,4
188,62.58,2,2
153,137.99,0,1
1181,62.58,2,3
2108,64.8,0,8
192,119,0,1
2902,119,0,3
318,62.58,2,4
72,63.63,2,2
329,19,2,7
529,78.87,2,4
78,121,2,4
1056,119,0,4
466,138.77,0,3
569,119,0,4
923,143.19,1,3
1032,145.76,2,6
13059,119,2,3
1860,118.72,0,3
1215,149.99,2,2
0,119.01,0,4
3941,19,2,4
197,119,0,3
1419,62.58,2,4
559,34.2,2,4
202,119,2,4
479,62.58,2,7
0,118.61,0,3
37,119,2,4
574,119,2,4
888,62.58,2,4
27,119,0,4
379,119,2,7
680,119,0,3
806,62.58,2,4
9,119,0,3
476,119,0,4
807,119,0,4
431,62.58,2,4
1211,119,0,3
155,119,0,3
683,138,0,4
284,119,0,1
654,62.58,2,4
1269,151.03,2,8
,138,2,3
3541,27,2,1
814,62.58,2,4
1233,119,0,3
189,119,2,4
50,119.57,0,7
96,62.58,2,8
2440,62.58,2,4
635,68.36,2,4
1484,119,2,4
973,119,0,8
852,36,0,8
1838,72.27,1,8
152,62.58,2,4
222,173.63,1,1
123,27,0,3
1634,147,2,8
167,63.63,2,4
1673,56.79,2,1
59,91.5,2,3
448,62.58,2,1
7029,160.03,2,2
1121,91.5,2,4
180,62.57,2,4
248,144.47,1,1
515,56.72,2,4
56,62.58,2,4
4078,90.86,2,4
965,119,2,1
110,119.53,2,3
2544,36,2,1
1443,150.32,0,4
,36,0,6
6671,299.75,1,4
3654,211.8,2,7
1470,119,0,4
603,62.58,2,5
425,62.58,2,7
491,119.02,2,7
98,141.77,1,4
30357,40.85,2,7
215,62.58,0,4
886,119,2,4
353,182.78,1,7
832,62.58,2,4
831,62.58,2,4
3318,174.95,2,6
5792,42.12,2,4
218,62.58,2,7
265,121,0,6
6037,119,2,3
560,118.46,0,1
1525,119,2,4
387,167.67,1,3
1219,118.8,0,4
246,62.58,2,4
1438,62.58,2,2
269,119,0,8
3535,17.1,2,1
378,186.13,2,6
6783,122.67,0,8
118,119,0,1
991,118.58,0,3
38,141.64,1,5
6432,62.58,2,5
5896,119,2,8
17997,118.88,2,3
44,62.58,2,4
399,156,2,7
2,0,2,2
437,118.65,0,7
434,77.3,2,5
101,62.58,2,3
40,143,2,4
445,164,2,3
909,143,0,8
419,142.45,2,4
368,119,2,4
651,119,0,4
10442,62.58,2,2
2140,62.58,2,7
177,62.58,2,1
277,72.57,2,7
4396,119,0,3
373,118.42,2,4
5,142.36,1,8
1717,62.58,2,2
104,141.19,1,5
86,142.84,1,4
563,119,0,3
3784,34.2,2,2
756,35.84,1,3
159,119,2,5
1593,75.2,2,4
325,119,0,4
10466,151.03,2,4
616,25.2,0,4
648,119,2,2
2751,148.78,2,2
1056,62.58,2,6
481,141.17,2,7
8620,48.6,0,3
0,62.58,1,1
1060,62.58,2,3
376,96.99,2,7
689,25.5,2,5
615,14.25,2,7
309,119,0,6
3436,31.16,2,2
682,75.2,2,7
585,62.58,2,1
222,62.58,2,7
38,62.58,2,2
388,145.45,1,4
2204,62.58,0,6
163,131.81,0,7
559,17.1,2,2
1007,62.58,2,3
508,164,2,7
227,62.58,2,3
654,62.58,2,1
166,130,2,4
12040,113.58,2,1
89,62.58,2,4
399,62.58,2,2
638,263,0,8
6230,64.8,2,4
746,19,2,7
1574,62.58,2,4
1545,119,0,1
748,119,2,4
125,142.69,1,1
1756,119,0,7
884,180.2,0,4
7964,62.58,2,8
65,149.51,2,8
32,62.58,2,5
301,148.14,1,4
400,119,2,6
4222,63.63,2,4
952,62.58,2,8
106,148.32,1,1
34,8,2,4
782,63.63,2,2
553,62.58,1,1
423,119,0,3
646,62.58,2,2
297,62.58,2,1
189,62.58,2,2
2604,62.58,2,8
1205,142.87,1,3
1154,119.07,0,2
1164,62.58,2,2
,82.04,2,4
4,119,0,3
51,149.83,0,8
50463,412.87,0,1
909,62.58,2,2
2274,36,0,2
3173,62.58,2,4
23522,222.75,2,4
7500,119,0,3
60,119,0,1
2610,389.51,0,1
1404,62.58,2,3
660,62.58,2,3
1622,121,2,4
7320,33.25,2,8
1229,184.44,0,7
223,62.58,2,4
319,119,2,7
3913,359,0,1
498,62.52,2,4
8617,34.2,2,5
39971,119,0,3
2450,19,2,6
8676,119,2,4
1043,62.58,2,2
1575,118.9,0,4
1031,119,0,3
1759,119,0,3
945,62.58,2,1
463,64.8,2,3
1931,75.2,2,4
,119.27,0,8
242,118.9,0,7
137,118.97,0,4
574,62.58,2,2
4372,62.58,2,8
494,1,2,7
3729,62.58,2,2
284,119,2,7
2019,34.2,2,4
816,62.57,2,4
672,119,0,4
331,119.1,0,8
30,119,2,4
691,62.58,2,4
287,119,2,4
326,62.58,2,4
2513,62.58,2,7
1512,19,2,6
237,62.58,2,2
1187,62.58,2,7
4718,62.58,2,3
0,63.63,2,7
5408,45.9,0,6
324,119,2,7
5426,48.6,2,8
175,145.2,1,1
109109,543.02,0,8
1170,62.58,2,3
152,142.14,1,8
987,119,2,7
465,119,2,3
5522,82.63,2,1
454,142.82,1,3
108,62.58,2,4
72,62.58,2,2
1306,194.36,0,5
3106,62.58,2,6
136,62.58,2,4
1148,118.66,0,2
211,27,0,4
1876,174.17,0,1
2096,119,2,4
330,119,0,4
5337,50.06,2,4
312,119,2,1
2386,75.19,2,3
2601,293,0,4
534,36.1,0,4
2313,62.58,2,4
9,119,0,4
109,119,0,1
3959,62.58,2,7
1925,62.58,2,4
976,138.16,2,4
1584,62.58,2,2
13,137.98,2,4
16,62.57,2,4
171,79.41,2,4
3380,43.89,1,4
1254,143.53,1,4
395,183,2,7
2838,145.91,1,4
3385,119,2,4
797,118.38,0,4
622,62.57,2,3
5140,119,2,4
2501,119,2,4
1729,144.45,1,2
5825,62.58,2,4
114,119,0,7
8802,80.37,2,4
345,36,2,5
495,62.57,2,6
10510,91.37,2,7
280,62.58,2,3
1411,159.54,2,4
392,118.66,2,7
1288,119,2,1
5331,142.06,2,8
1464,148.83,1,6
154,143.95,1,4
210,119,2,4
203,78.87,2,7
798,141,1,1
821,119,0,7
972,62.57,2,3
,119,0,8
180,147.12,1,1
2008,119.24,2,1
2836,119.32,2,1
62,118.97,0,3
998,72.57,2,4
29,119,2,2
1701,62.58,2,5
2828,340.25,2,3
222,62.58,2,1
2561,119.34,0,4
3598,119.35,0,4
188,62.58,2,3
351,91.5,2,1
1950,119,2,1
269,62.58,2,4
4385,119.9,0,4
151,62.58,2,4
1049,62.58,2,4
446,64.8,2,1
290,63.63,2,1
1150,137.98,0,8
645,119.08,2,7
157,120,0,4
368,119,2,7
5580,146.92,1,4
1143,91.5,2,4
26961,144.08,1,4
167,119,0,4
1680,9.5,2,8
327,119,0,5
104,142.36,1,4
20889,23.37,2,1
3054,144.87,1,4
406,142.82,1,4
8065,119,2,3
52,147,0,5
413,119,0,3
1357,119,2,7
308,119,2,5
1657,119,0,7
1784,144.96,1,4
1055,62.58,2,4
676,119,2,4
1309,36,2,6
1102,119,0,3
2921,48.6,2,5
3838,62.58,0,7
2919,119,2,3
201,99.01,0,2
2403,119,0,4
142,119,0,4
753,173.57,0,3
5819,46.36,2,1
120,119,0,2
2809,119,2,7
131,119,2,1
47,119,0,4
2333,62.58,2,8
106,72.57,2,4
,84.14,2,1
7,62.58,2,4
1860,62.58,2,4
189,119,0,4
300,119,0,3
815,62.58,2,5
420,62.58,2,2
509,19,2,4
21,149.99,2,4
0,121,0,2
95,119,0,4
3915,240,0,3
126,62.58,2,2
345,62.58,2,2
4118,119,0,1
6767,144.43,2,4
118,62.58,2,1
24,164,0,8
519,119,0,3
14289,14.25,2,1
528,119,2,7
261,78.87,2,4
15,63.63,2,2
4017,62.58,2,3
407,36,2,7
713,143,0,8
756,62.58,2,2
1666,25.65,1,4
7625,62.58,2,4
628,36,2,7
837,119,1,7
3,62.57,2,4
1494,62.58,0,8
78,119,1,4
189,174,2,7
137,62.57,2,3
2220,146.56,1,3
1557,180.91,1,1
518,62.58,2,7
1933,310.99,1,4
8201,19,2,3
5221,62.58,2,6
1723,142.22,2,1
409,62.58,2,4
73258,62.58,2,4
529,119,2,4
192,63.63,2,2
2235,119,2,4
6127,174,2,8
138,91.5,2,1
542,19,2,7
988,119,0,1
5905,119,0,8
248,119.34,0,3
352,119,2,4
104,118.43,0,3
664,119.02,2,4
10700,34.2,2,7
46,119,0,4
3245,72.57,2,1
326,62.57,2,7
2388,62.58,2,5
626,119,0,8
296,119,0,4
,119.23,0,4
3146,62.58,2,1
156,62.58,2,5
7208,143.85,0,4
544,62.75,2,4
695,119,2,7
6522,118.78,0,4
1024,70.24,0,7
1120,237.32,2,7
1095,62.58,2,6
3976,62.58,2,2
4037,138.55,1,4
156,348,2,6
440,201.73,2,7
138,62.58,2,5
2317,59.04,0,3
731,389.48,0,8
85,62.63,2,2
9535,62.58,2,2
345,119,0,8
579,119,0,4
471,149.99,0,2
377,119,2,7
386,119,0,1
393,91.5,2,8
1936,208.8,1,4
1940,143.99,1,2
227,27,0,7
4828,111.62,1,7
171,142.14,1,3
297,119,0,4
1278,62.58,2,7
1228,147,2,2
101,118.64,0,4
135,62.58,2,5
262,119,2,1
148,86.24,2,2
411,62.58,2,5
29,119,0,6
669,119,0,3
279,119.27,2,4
329,62.58,2,5
288508,34.2,2,2
207,62.58,2,2
8349,119.09,0,8
1,119,0,3
107,62.58,2,2
350,62.58,2,5
1591,64.8,1,7
786,155.2,0,6
260,62.58,2,7
607,119,2,5
80,119,2,7
194,62.58,2,4
2849,229.66,2,2
2891,101.02,2,6
53,119,2,4
615,82.04,2,7
52,119,0,2
3635,119,0,3
1882,62.58,2,6
198,119,0,4
109,62.58,2,4
38,119,0,5
1453,62.58,2,2
933,141.64,1,4
979,36,2,4
899,145.72,1,8
784,174,0,1
454,91.5,2,3
1289,42.8,1,2
972,27,2,7
1836,144.01,1,3
1242,118.32,2,1
235,118.88,0,1
976,84.14,2,2
419,62.58,2,1
106,62.58,2,4
1,62.57,2,4
1,62.58,1,4
2247,143.53,1,2
1186,9.5,0,2
879,143.52,2,3
1074,147.58,1,6
605,62.58,2,2
970,36,0,3
795,62.58,2,1
1636,119.02,1,6
7413,62.58,2,4
1806,64.8,2,6
237,62.58,2,4
22621,151.3,0,8
68,144.47,1,3
325,62.58,2,7
35,150.78,0,1
12126,62.58,2,7
941,27,2,4
386,119,2,7
738,119.38,0,3
8312,119.36,0,3
1235,142.14,1,4
2134,62.58,2,7
80,118.73,0,2
568,196.81,2,3
678,113.46,2,4
6008,185.99,2,4
506,187.32,1,2
12,119.02,0,4
2880,62.58,2,2
47,119,0,3
2401,314.26,1,1
515,78.87,2,4
1703,119,2,8
37,118.66,0,8
1224,62.58,2,2
843,25.65,2,2
649,240,2,3
210,119,2,8
844,36,2,2
310,197.97,0,4
551,133.04,2,2
264,119,0,4
8,118.52,0,5
2606,119,2,1
60628,30.6,2,2
679,36,0,2
875,118.48,0,2
162,62.58,2,2
469,62.58,2,4
185,119,2,4
681,62.58,2,5
55,138,0,7
6607,36,2,7
1321,67.46,2,4
475,62.58,2,2
1587,144.36,1,4
35,119,0,3
555,119,0,2
405,19,2,2
341,62.22,2,4
606,62.58,2,2
250,62.58,2,2
3517,36,2,7
1758,119.11,0,2
995,64.8,2,8
71,118.84,0,4
0,119,0,2
332,19,2,6
310,119,2,4
1158,19,2,4
1437,118.58,0,2
176,119,2,2
14528,172.33,2,2
196,62.58,2,2
37,143,2,3
3553,119,2,2
2783,62.58,2,2
3306,64.8,0,6
726,62.58,2,7
1435,147,0,4
5777,14.25,0,4
265,142.88,1,3
7568,64.8,0,4
104,35,1,3
25903,79.42,2,1
4,147.11,2,3
1540,129.6,0,6
947,14.25,2,2
591,62.58,2,3
531,178.59,1,2
11,62.58,2,2
352,119.39,0,3
54761,120.59,2,3
1565,145.21,1,1
1161,62.58,2,4
5330,34.2,2,2
205,77.3,2,4
5292,25.65,2,2
1278,62.58,2,7
191,62.58,2,2
993,146.37,1,4
523,119,0,3
20,119,0,2
35,119,0,8
214,119,0,7
105,8,2,2
,62.58,2,7
6,119,2,2
45,146.2,1,3
227,130,0,8
2288,142.82,2,4
298,119,2,2
564,138,2,2
99,118.68,2,7
3999,143,2,1
765,119,0,7
6655,119,2,7
950,22.61,2,4
437,119.36,0,3
113,62.58,2,3
3191,62.57,2,7
5889,62.58,2,2
1055,119,0,3
433,14.25,2,5
690,119,2,4
192,119,2,8
4,155.96,0,6
2865,62.58,2,7
3602,19,2,3
238,19,2,7
687,62.58,2,7
1364,62.58,2,2
3993,119,0,4
1183,119,2,1
676,25.65,2,3
257,119.4,1,8
667,62.58,2,4
5088,19,2,2
1035,62.58,2,4
321,62.58,2,4
1783,63.63,2,6
14128,23.37,2,1
1517,78.87,2,4
658,62.57,2,8
2322,64.8,2,4
776,146.58,2,7
1068,14.25,2,2
1162,265.04,2,1
431,62.58,2,4
339,62.58,2,7
1823,119.44,2,7
335,36,2,2
489,62.58,2,8
8666,34.77,1,7
190,118.66,0,4
2984,119,2,2
747,218,2,4
3208,0,2,8
11873,151.16,2,2
1034,119,2,2
160,119,1,4
5627,62.58,2,3
3954,154.08,2,7
210,62.58,2,3
592,138.68,0,7
711,19,2,6
33,36,2,3
254,62.58,2,7
29,119,0,4
113,143.25,1,4
627,72.57,2,4
4423,62.57,2,4
575,119,0,2
539,72.52,2,3
621,119,2,3
1327,62.58,2,4
2245,62.58,2,1
1644,119,2,6
40,119,0,6
2689,119,2,3
632,174,0,4
1102,119,0,7
6627,62.58,2,1
12,36,2,4
4931,64.8,2,8
918,62.58,2,2
148,137.66,0,3
1171,62.58,2,7
5348,119,0,4
2583,62.58,2,2
5021,62.58,2,4
39,119,2,4
1034,180.07,1,3
2,119,0,5
449,19,2,7
285,19,2,1
3418,87.47,1,6
564,144.11,1,6
164,119,0,6
76,16.15,2,5
43972,46.36,2,2
3247,64.8,2,1
648,34.2,2,3
1149,119,0,3
4810,62.57,2,3
420,119,2,3
1,62.58,0,5
94,119,0,8
181,119,0,3
992,119,2,4
1781,119,2,1
75,19,1,8
3980,64.8,2,7
215,62.58,2,2
67,142.05,1,3
4957,62.58,2,7
310,119,2,4
349,119,2,7
1124,209.8,1,1
117,118.61,0,3
45,144.18,1,4
1511,62.58,2,6
3096,119,2,4
369,62.22,2,4
980,17.1,2,7
1921,62.58,2,2
3383,72.57,2,7
1222,62.58,1,3
408,121,2,6
34,62.58,2,7
803,61.2,2,2
3491,119,2,4
1459,97.87,2,2
13,118.46,0,6
1464,77.07,1,7
4177,143.33,1,3
353,118.84,2,4
5461,161.8,2,6
280,146.44,1,1
3131,119,2,6
1036,119,0,8
356,138.64,1,4
153,118.58,0,4
475,63,0,3
163,119,0,4
866,119,2,6
1407,119.07,0,3
281,118.34,2,6
283,43.66,1,8
56,119,2,7
697,141.31,1,4
126132,119,2,3
13,118.44,2,4
1740,62.58,2,1
6299,123.56,2,8
15051,119,2,8
5807,62.58,1,3
2636,33.05,1,4
5015,145.75,1,2
903,118.58,0,4
384,62.58,2,2
24,119,0,5
13431,64.8,2,3
1176,119,0,1
65,184.44,2,3
352,36,0,4
1002,174,0,4
3597,143.99,1,3
936,118.97,0,7
131,143.99,1,4
858,64.4,2,7
599,119,0,3
1854,30.6,2,4
4337,104.61,1,7
334,14.25,2,2
1979,25.65,2,1
1687,145.92,1,7
1425,62.58,2,2
229,75.19,2,4
373,36,2,7
210,72.57,2,3
274,62.58,2,2
312,62.58,2,5
464,62.58,2,6
120,62.58,2,8
717,142,1,7
1060,62.58,2,4
358,119,2,6
3012,34.2,2,7
19415,202.72,0,4
356,62.58,2,7
474,144.53,1,7
517,119,0,8
1289,36,2,4
358,119,0,6
60,36,0,7
2087,14.25,2,6
520,156,2,7
3378,119,0,7
109,62.58,2,4
1040,62.58,2,2
16,118.58,0,8
486,119,2,3
1399,84.96,2,4
193,119,2,4
391,118.57,0,4
220,121,2,1
14,119,0,1
173,119,0,7
156,138.63,0,7
1400,36,0,4
445,119.05,0,3
41,118.79,0,3
507,119.26,0,3
462,62.58,2,2
2165,119,0,7
298,62.58,2,7
52,119.28,0,4
10842,62.68,0,6
1032,96.99,2,7
2725,36,2,8
609,118.89,2,2
1749,121.46,2,1
38,119,0,3
445,144.01,1,6
1450,19,2,2
458,119,2,3
1784,62.58,2,3
266,149.99,0,6
1496,138,2,1
1371,62.58,2,6
199,119,0,4
4401,143.2,2,1
4281,65.9,2,2
1117,182.78,1,6
168,143.05,1,2
424,62.58,0,7
1116,153.08,0,3
1365,119.33,0,4
400,62.58,2,7
21174,21.81,2,2
24,119.28,0,1
104,62.58,2,1
914,119,2,6
453,141.57,2,8
1030,62.58,2,4
1563,62.57,2,1
1424,62.57,1,1
975,146.13,2,7
1681,34.2,2,7
385,142.33,1,7
3459,23.37,1,8
12927,180.71,1,8
5993,34.2,2,2
16008,141.27,1,8
580,62.56,2,1
18,43.77,1,3
220,43.2,1,7
412,119,2,7
2853,62.58,2,4
706,62.57,2,3
674,62.58,2,4
1922,19,2,3
595,119,2,8
659,119,2,3
398,119,0,3
1365,48.6,0,8
172,119,0,2
8647,287.68,1,2
206,164,2,7
325,62.58,2,7
168,118.97,0,1
2395,118.78,0,3
2867,74.47,1,8
363,74.47,1,7
185,138.01,0,7
7,19,2,3
975,62.58,2,7
238,119,0,2
652,142.56,2,1
1122,119,0,4
482,118.42,1,8
8,130,0,1
319,62.57,2,1
121,62.58,2,4
11725,119,2,2
185,118.62,1,8
9481,143.93,1,8
785,19,2,7
194,172.71,0,1
5255,118.79,0,3
216,62.58,2,4
1153,119,2,3
1136,91.5,2,1
2722,34.2,2,7
1385,62.58,2,7
1729,62.58,2,2
201,119,2,8
988,96.99,2,7
909,240,1,7
704,68.36,2,4
1472,174.79,0,2
1414,119,0,1
1844,78.87,2,7
2349,63.63,2,4
1735,62.58,2,2
186,149.99,0,7
82,118.93,0,5
1132,113.04,1,7
848,91.5,2,1
885,50.18,1,1
1314,36,2,6
1197,142.69,1,5
5361,125.3,1,3
173,62.58,2,3
437,143.95,1,3
626,143.25,1,7
415,19,2,7
479,119,0,3
1064,119,2,8
70,119,0,8
3957,118.58,0,6
899,119,2,2
1078,62.58,2,2
4936,119.24,0,2
844,174,0,5
197,97,0,8
141,119,0,4
1231,119,0,7
2303,62.58,2,7
3104,50.32,2,7
748,64.8,0,7
2865,64.8,2,1
1428,36,0,8
2574,62.58,2,7
198,19,2,3
3541,93.56,0,2
238,19,2,1
4032,64.8,2,4
213,62.58,2,7
467,34.2,2,3
286,141.19,1,3
855,119,0,3
388,62.58,2,3
60,119.36,0,2
358,142.82,2,3
1765,119,2,7
1906,62.58,2,1
1533,141.64,1,1
3859,35.91,2,1
42,143.28,1,8
,348,2,1
84,149.51,1,7
1005,62.58,2,8
1461,62.58,2,1
303,246,2,8
415,119,0,3
12,143,0,1
817,119,0,8
1135,80.3,2,7
458,43.4,1,8
12279,78.88,2,3
599,64.8,0,8
2366,119,0,4
1784,62.58,2,2
1253,62.58,2,4
393,119.01,1,1
433,119,2,4
1964,166.35,1,2
2108,119.37,0,7
830,119,2,1
226,72.57,2,8
29768,44.65,2,2
208,142.27,1,4
251,62.57,2,6
379,19,2,3
996,36,2,8
252,62.58,2,4
34,118.82,0,4
1,119,0,6
6063,34.21,2,4
409,62.58,2,2
512,119,2,7
255,174,0,7
1503,118.71,0,7
645,19,2,6
171,118.84,0,1
812,119,0,3
334,25.2,2,4
112,119.34,2,3
208,119,2,5
654,142.14,1,3
1,174.11,2,3
484,142.82,2,2
499,144.25,1,2
3499,19,2,7
4,118.4,0,3
1111,14.25,2,4
528,62.58,2,5
7548,34.2,2,7
399,119,2,4
4249,119.25,0,3
1191,151.22,2,2
110,119,2,3
694,62.58,2,1
574,62.58,2,7
3160,134.88,0,4
207,62.58,2,7
249,62.58,2,3
1871,62.58,2,6
416,138.65,0,1
153,149.16,1,6
1496,143.71,1,4
286,118.97,2,4
92,119.34,0,4
88,119,0,3
1417,218,0,4
253,142.29,1,7
1227,119,0,7
134,62.58,2,7
3,119,0,3
3038,27,0,8
2730,62.57,2,4
109,119.34,0,4
1399,62.58,2,7
254,119.42,2,1
278,181.39,1,1
30,1,2,8
618,119,2,6
1230,172.78,0,3
42,62.57,2,3
27485,179.82,0,1
146,156,2,3
105,119,2,6
780,119,0,3
2892,120.39,0,1
6013,119.15,0,4
248,144.39,1,6
411,118.58,2,4
10,141.87,1,4
47,119,0,8
1777,217.23,0,6
462,146.68,2,3
859,62.58,2,4
7870,28.5,2,7
93,119,0,3
723,119,2,3
348,49.74,1,1
4,62.58,2,1
253,119,2,3
1040,142.8,1,7
878,141.55,1,3
3,119,2,7
30,0,2,2
1915,36,2,7
2655,25.65,2,1
2099,142.21,1,7
43,184.44,2,1
224,119,0,4
28,75.2,2,2
7587,91.8,2,7
1395,62.58,2,7
985,19,2,7
592,184.44,0,1
,119,0,3
384,118.61,0,3
8,62.58,2,6
232,27,2,1
426,119,2,3
706,149.99,0,2
6643,118.86,2,4
835,118.97,0,3
15,119,0,7
178,51,2,3
295,62.58,2,4
291,62.58,2,6
4033,64.8,0,1
531,119,0,4
1207,119,2,3
921,119,0,1
562,62.58,2,4
389,62.58,2,2
1,63.63,0,1
346,141.17,2,2
402,119,0,3
41,118.43,0,1
257,42.96,1,1
615,119.02,2,1
40,119,0,3
696,36,0,3
478,119,0,3
26,97.12,2,3
23,119,0,8
8262,62.58,2,1
1,62.58,2,1
345,138,2,1
66,119,2,8
158,197.87,2,7
628,62.58,2,2
512,27,2,4
472,141.64,1,3
222,119,0,1
382,62.58,2,2
2034,62.58,2,3
2032,141.64,2,6
920,62.58,2,6
41,118.76,0,1
388,62.58,2,7
435,119,0,3
582,48.6,0,7
183,119,0,4
152,119.3,0,4
1233,119,2,6
74,119,2,7
323,119,0,4
99,96.44,1,1
363,119,2,2
1038,142.94,1,3
3,199.49,0,1
841,62.58,2,4
294,146.87,2,1
2184,62.58,2,8
1823,62.58,2,1
174,62.58,2,3
465,119,0,3
296,62.58,2,1
882,119,2,4
2213,185.99,2,7
512,62.58,2,8
4573,179.7,1,7
4583,119.05,2,6
173,118.49,0,4
1199,72.57,2,4
367,150.68,2,2
360,62.58,2,5
55,142.52,1,3
222,62.58,2,5
516,164,2,8
49,119.34,0,1
31,119,0,1
449,215.76,0,7
70,141.16,2,2
160,62.58,2,6
1,62.58,0,4
1102,119,0,1
121,119,0,3
719,119,2,3
2441,27,2,7
183,62.58,2,4
4592,62.57,2,4
1342,62.58,2,3
1294,148.9,1,8
94,119,2,4
524,146.86,1,3
477,118.77,0,1
967,119,1,8
131,119,2,3
1143,62.58,2,1
43,62.58,2,6
1972,119,2,3
375,119,0,1
264,119,2,3
161,119,2,2
1409,119,0,3
187,118.58,0,3
31,119,2,3
982,119,2,4
5,62.58,2,6
4,119,2,1
26,119,0,4
103,119,2,2
300,119,2,7
1079,144.54,1,8
2626,119,2,4
132,62.58,2,6
1,143.46,1,6
890,71.89,0,1
6781,119,0,3
1082,141.88,1,8
3823,119,0,3
552,119,2,3
1659,62.58,0,2
66,62.58,2,7
21,119,2,3
486,62.58,2,7
8181,93.55,0,4
894,119,2,7
182,119,2,4
203,141.72,1,8
1149,119.43,0,2
157,119.1,0,1
648,75.2,2,7
387,119,2,7
113,119,0,7
,62.57,2,6
1,119.07,2,8
15,119.38,2,8
1753,24.69,2,1
,119,0,6
69,62.58,2,3
417,119,0,3
135,118.34,0,7
231,118.34,0,4
2065,62.63,2,1
974,251.4,1,3
2327,62.58,2,1
57,142.86,2,7
,119,2,2
503,119,0,8
83,119,2,2
1118,119.05,1,7
1880,147.52,2,7
,119,2,1
,119,2,1
,62.58,1,7
348,119,0,3
54,62.58,2,4
2559,119,2,8
74,119.02,1,1
1602,119,2,1
8095,62.57,2,1
224,62.58,2,1
249,118.61,0,7
68,119,2,4
3015,266.03,2,3
199,119,0,6
787,62.33,0,7
932,119.14,0,8
286,119,0,3
161,119,0,1
315,119,0,4
1978,119.02,1,1
966,62.58,2,3
49,62.58,2,4
2317,119,0,7
54,62.58,2,1
,118.97,0,1
98,119,2,1
3098,62.58,2,1
293,62.58,2,6
767,146.4,1,8
92,62.56,0,7
9,62.58,2,7
37,119,2,1
2383,119,2,3
2199,119,2,3
1599,119,2,1
54,62.58,2,4
651,119,2,7
1583,62.58,2,4
3801,238.12,0,1
433,62.58,2,3
8,119,0,4
1723,147.22,2,1
1183,118.97,0,3
24,119,0,4
50,146.4,0,3
,142.82,1,6
638,119,2,4
1591,62.58,2,7
1451,160,0,3
139,118.97,0,8
1165,62.58,2,1
44,118.97,0,4
249,119,0,3
1,119,0,4
180,119,0,3
4,119,0,4
22,119,0,4
5,62.58,2,4
179,119,2,4
78,215.76,2,7
,119,2,7
326,144.01,1,7
16,49.33,0,1
64,119,2,6
1,119,2,4
288,119,2,3
601,119,2,4
680,142.82,1,3
233,119,0,8
5,141.64,1,4
897,119.02,2,7
726,62.58,2,1
112,119,2,7
73,119,2,3
10111,118.99,0,6
68,119,0,1
321,149.05,1,3
1711,118.78,0,4
679,62.58,2,2
,118.8,0,1
845,119,0,6
27,147.11,2,6
169,218.01,0,7
,119,0,2
215,119,0,4
371,62.58,2,7
235,119,0,4
1851,62.51,2,6
7,119,0,3
,119,0,3
1186,119.34,0,7
105,142.8,2,3
2354,119,2,7
130,119,0,4
3471,119.44,1,8
1,119,2,7
313,119,2,6
,215.73,2,7
99,119,2,8
63,119,0,1
,62.58,2,2
,119,0,3
1173,62.53,2,4
227,118.56,1,7
541,62.58,2,7
500,62.58,2,7
,119,0,6
280,62.58,2,3
141,119,2,2
1161,62.58,2,3
138,62.58,2,7
538,62.58,2,7
36,119,2,2
,62.58,2,2
5053,118.46,0,3
56,119.44,2,3
296,62.58,2,3
633,62.58,2,4
1123,118.46,1,1
1,145.66,2,6
207,62.59,2,2
2927,62.58,2,7
50,119,1,7
215,143.53,1,4
1228,143.28,2,6
,62.58,2,1
1547,118.53,0,1
1,146.86,1,7
43,118.86,0,7
,119,0,3
,143.53,1,1
129,62.58,2,1
286,62.58,2,6
1884,146.08,1,1
451,62.58,2,2
,148.47,1,7
197,62.58,2,7
242,62.58,2,1
873,62.57,2,1
49,119,0,1
207,62.58,2,3
3112,119,2,4
16,62.58,2,4
2541,75.2,2,7
55,119,2,1
1673,119,0,1
36,119,0,1
,181.58,0,8
793,119,0,1
225,119,2,4
1569,119,2,1
187,119,0,1
107,119,2,3
200,119,0,4
899,62.58,1,4
1697,119,0,3
884,145.07,1,7
152,145.74,1,4
64,119,0,3
285,49.63,0,1
439,119,0,7
1503,62.55,2,7
21,119,0,6
732,141.23,1,1
3124,25.65,2,7
5906,119,2,7
4,119,0,4
,142.58,1,6
866,119,0,4
1258,118.58,0,4
153,119,0,8
1566,119,0,3
1384,56.97,2,7
367,62.58,2,7
1054,119,0,3
2431,141.64,0,8
535,62.58,2,4
565,118.75,0,7
2,62.58,2,1
80,144.43,1,4
41,62.58,2,6
32,62.58,2,7
309,62.58,2,1
493,119,2,3
13,119,0,1
3787,62.58,2,8
1284,119,0,1
50,119,0,1
18,119,0,7
151,62.58,2,4
,62.43,2,8
75,348,0,1
10506,119,0,3
3522,222,0,8
,118.53,0,7
,214.92,0,7
28,118.96,0,1
14,128.46,2,1
259,62.58,0,4
13,119,0,3
1428,118.88,0,2
867,62.58,2,1
7,62.58,2,7
3051,62.58,2,4
1014,62.58,2,1
49,62.58,2,2
32,62.58,2,4
19,62.58,2,3
3,62.58,2,6
2457,62.58,2,3
3821,119,0,3
879,62.74,2,1
5,119.22,2,7
638,119,2,4
135,218.24,0,1
83,62.58,2,7
1254,62.58,2,7
83,119,0,2
1469,62.58,2,7
1867,62.58,2,1
499,138,0,4
0,119,0,3
1067,119,0,3
26,119,0,3
982,218.36,0,3
252,119,2,4
604,62.58,0,1
88,145.14,1,8
267,62.58,2,7
1367,62.58,2,2
1088,119,2,1
313,141.57,1,1
393,119,2,7
7,29.9,2,4
78,72.57,2,1
159,173.88,2,3
5851,34.2,2,4
317,58.83,1,3
21,29.9,2,5
1436,36,0,7
247,174,0,7
19,174,0,3
,175.77,1,3
184,96.99,0,3
429,173.53,0,8
641,36,2,4
34,49.5,2,4
1394,119,2,7
1560,146.86,0,3
113,25.65,2,1
75,30.04,0,3
2690,25.65,2,7
96,207.2,1,6
550,74.86,1,2
,174,2,3
1961,96.99,2,7
430,63.63,2,7
8480,161.8,2,3
36,174,0,3
149,174,0,1
1422,64.8,2,3
1153,68.15,2,1
203,167.73,1,4
0,172.78,0,8
1945,304.72,1,7
36,321.97,0,2
3225,64.8,0,8
2186,96.99,2,1
4,136.02,2,8
29771,59.04,2,7
6,184.44,0,3
190,174,0,1
2,36,0,7
1205,91.5,2,2
146,183.5,0,3
170,36,2,8
316,293.44,1,4
584,216.86,0,7
12584,48.6,2,3
638,164,2,5
333,19,2,8
969,137.98,0,1
1276,174,2,4
822,183.37,0,1
94,97,2,8
69,172.78,0,3
6938,183.09,1,7
442,36,2,1
15260,35.7,2,3
7,219.14,1,4
656,219.14,1,3
12552,36,0,4
1249,97.14,1,1
473,207.34,1,1
1017,174.73,0,6
76,44.68,2,1
10,348,0,8
175,36,0,3
,138,0,4
128,184.44,0,3
378,72,0,3
78,96.99,2,3
8727,97,0,1
1191,145.2,1,3
136,290.84,1,8
566,184.44,0,8
2393,36,0,7
1917,184.44,0,7
416,36,2,4
522,19,2,3
141,143.99,1,1
600,174,2,3
2395,63.63,2,6
71,206.5,1,6
6194,183.98,0,7
1419,210.54,1,3
784,96.98,2,1
18048,36,2,3
10244,91.5,2,8
47,138,0,7
1769,27,2,4
385,97,2,3
1580,315.12,0,2
1073,36,2,5
798,64.8,2,3
22438,303.44,2,4
69,348,2,4
1373,64.58,0,3
72,138,2,3
1018,239.43,0,4
155,130,0,1
245,143,0,1
390,184.44,0,3
3324,71.75,0,6
471,72.57,2,3
537,19,2,3
171,99,0,1
37,52.06,0,4
654,173.99,0,3
,99,0,8
383,183.95,0,3
86,173.76,0,3
344,97,0,1
401,99,2,7
1332,91.5,2,2
3220,207.35,1,1
127,130,0,6
989,184.43,0,3
1927,19,2,7
4,149.99,0,1
128,138,1,3
306,174,0,3
1610,64.8,0,8
412,159.54,0,8
804,211.71,1,1
403,239.96,0,1
6999,190.8,2,1
63,294,0,1
548,91.8,2,3
2172,348,1,3
5057,272.22,1,1
1120,147,2,8
3187,36,0,3
355,62.22,2,1
99,51,2,1
2679,97,2,4
6174,184.44,2,3
169,93.72,0,3
1565,99.01,0,1
4094,66,1,6
111,27,0,3
408,49.6,0,4
240,77.31,2,7
146,33.31,1,6
2339,174,2,3
,348,0,1
165,174.54,2,3
1396,174.6,0,1
734,26.99,0,3
1256,19,2,1
0,173.41,0,4
307,19,2,1
426,215.88,0,3
101,173.54,0,1
11929,18,2,3
341,97.36,0,3
,91.5,2,1
1168,14.25,2,1
1989,25.65,0,1
78,85.93,1,3
9438,19,2,7
3490,134.89,0,6
471,174,0,3
310,174,0,3
589,206.94,1,8
305,77.3,2,2
263,215.13,2,3
440,36,2,3
49,27,0,3
452,72.04,0,2
62,174,0,3
3953,232.06,2,1
2971,174,2,3
11,56.9,2,3
85,96.99,1,7
374,208.67,1,3
2803,93.39,0,3
260,36,2,3
107,147,2,4
10,36,2,3
919,48.6,2,3
262,174.98,0,3
480,164,2,7
1082,174,0,3
1035,148.83,2,3
199,184.44,0,3
22,401.78,2,5
322,62.22,2,3
132,348,0,8
26,19,2,3
2186,34.2,2,1
618,174,0,7
216,138,0,7
679,44.37,2,1
121,184.44,0,3
4,184.44,0,3
581,174.6,0,3
681,170.05,1,4
4735,167.75,2,3
1840,72.57,2,3
,184.44,1,3
765,129.6,2,1
650,209.12,1,3
1413,48.6,0,1
76,194.86,1,3
370,240,0,3
40,149.99,2,3
748,208.66,1,1
260,240,0,3
45,185.12,0,3
76,36,0,3
1507,48.6,2,1
644,19,2,7
150,36,2,4
363,138.64,1,2
225,240,2,3
38845,64.8,2,4
11332,14.25,2,7
156,19,2,3
,77.3,0,4
6441,176.79,2,3
2484,65.37,1,2
116,240,0,8
6445,64.8,0,3
188,19,2,7
360,43.2,1,4
94,91.5,2,3
5592,19,2,3
4407,77.4,2,7
1601,174,0,1
109,239.99,2,3
848,119,2,6
2004,184.44,0,7
11,178.99,0,3
4,348,2,1
106,174,2,8
143,184.44,0,8
3005,150.04,2,8
226,32.21,1,3
1837,96.99,2,3
958,176.66,1,3
100,137.51,2,6
1634,327.61,1,6
1827,96.99,2,1
803,174.79,2,3
173,16.15,2,7
75,179.73,1,7
0,29,0,3
520,27,0,3
226,174,0,3
1920,72.57,2,3
99,164,2,4
515,184.44,0,3
2739,184.44,0,3
135,19,2,3
1289,214.79,0,3
5001,143.35,1,7
378,138.58,1,2
692,171.94,1,2
405,72.57,2,2
7886,274.8,0,1
74,138.19,0,7
362,213.22,1,1
1924,293,2,7
953,34.2,1,6
2551,348,2,4
11060,59.04,2,4
440,68.15,2,3
340,130,0,1
232,138,0,3
26,138,0,7
1043,84.14,2,6
74,169.41,0,3
1159,164,2,1
1604,25.65,2,1
3014,64.8,2,4
137,138.28,0,3
1152,72.57,2,6
19,138,0,2
2995,138,2,8
1521,19,2,3
435,138.13,0,8
272,138,0,1
292,149.99,2,2
373,138,0,1
32,72.57,1,7
,163.66,1,4
1138,138,0,3
2,143,0,1
5724,138,0,4
170,138.01,0,4
109,138,2,1
30,237.15,2,4
,138,0,4
605,138.33,0,4
161,138,2,6
484,72.57,2,8
1014,75.2,2,3
99,72.57,2,3
271,143,0,3
32,138.83,0,4
259,138,0,6
777,138,0,3
418,137.74,2,3
1477,138,0,4
839,72.57,2,4
26,72.57,2,1
18,164.96,1,4
4053,138,0,3
1316,137.97,0,3
46,138,0,3
630,138,0,3
11,138,0,1
601,138,0,4
779,72.57,2,4
77,138,0,4
939,138,0,3
196,138,2,1
2,138,0,4
52,138,0,8
256,138,2,4
4,72.55,2,1
432,138,0,3
3446,64.8,2,3
2248,97.02,2,7
29,137.99,0,2
219,138.66,2,1
34,72.57,2,3
1,138,2,4
702,72.57,2,4
103,72.57,2,1
775,138,0,7
217,75.2,2,3
34,142.9,0,3
137,149.99,0,8
3263,143.77,2,2
125,143,0,8
1757,121,0,8
6,143,0,3
45,143,0,8
4,78.87,2,1
2536,184.27,0,7
,75.2,2,7
2,178.99,1,3
2406,19,2,3
91,174.87,1,1
79,143,0,1
5940,77.3,2,1
119,151,0,3
167,143,2,1
328,143,0,3
487,143,2,3
1180,174.34,1,6
896,143,2,2
5401,75.2,2,2
228,164,2,8
3989,36,0,7
75,147,0,3
3455,99.01,0,8
0,146.48,2,1
22,147,0,2
527,77.3,2,3
,76.94,2,4
31,77.3,2,7
308,183.97,1,3
59,36,0,3
1348,146.96,2,3
0,147,0,3
627,151,0,8
19,79.41,2,3
534,147,0,8
197,82.04,2,6
417,183.35,1,4
,146.58,2,4
887,146.78,0,7
1951,19,2,7
2302,147,0,4
51,151,2,3
40,36,0,8
623,151,2,1
28,151,2,4
,79.4,2,6
349,79.4,2,3
355,19,2,4
277,19,2,6
83,79.4,2,7
808,79.4,2,7
31,79.41,2,1
49,49.53,0,4
160,36,0,3
484,78.54,1,6
360,79.41,2,8
3908,62.22,2,4
669,79.41,2,4
11,19,2,1
1540,151,2,3
2193,151.54,0,3
273,156,0,6
122,151,0,7
658,184.97,1,1
306,156,0,8
38,151,0,4
1997,151,0,3
27,151,0,3
49,151,0,7
211,150.81,0,1
,151,0,8
145,79.4,2,5
1464,188.15,1,1
302,79.41,2,7
,151,2,2
1025,151.28,0,7
3646,151.22,0,3
1423,151,2,1
12,151.4,0,2
5103,174.63,0,1
1110,82.04,2,6
6,163.53,0,1
1612,174.37,0,4
60,160,2,7
1,184.85,1,3
1446,82.04,2,1
1917,156,0,3
2485,82.04,2,4
326,36,0,6
492,187.97,1,3
66,86.24,2,1
1158,188.64,1,4
540,156,0,3
287,164,0,1
292,160,0,3
186,179,1,6
1220,64.8,0,8
1776,82.03,2,6
605,155.64,0,3
2,91.5,2,7
173,82.04,2,2
11,155.72,0,1
304,156,2,3
96,191.89,2,1
599,164,0,3
157,156.45,0,7
483,192.22,2,3
444,160.17,0,3
81,160,0,8
1933,119,2,1
21,160,2,3
64,160,0,8
103,160,0,1
178,209.26,0,1
,160,2,5
12,159.82,0,3
462,64.83,0,7
387,159.96,2,1
1309,84.14,2,8
10590,64.8,0,1
,160,0,8
723,64.8,2,3
258,192,0,8
,216.4,0,7
181,86.24,2,4
213,84.14,2,4
1432,151.21,0,3
309,159.82,0,2
308,84.14,2,3
1311,163.53,0,7
197,86.24,1,3
0,49.5,0,1
134,164,0,3
84,86.24,2,7
2667,164,0,6
113,164,0,3
46,164,0,3
18,164,2,3
36,164,0,1
191,86.24,2,7
214,164,2,1
3220,97.22,0,6
3276,174.6,2,1
2680,64.8,0,8
294,164,0,6
8,86.24,2,1
12,206.23,1,1
78,164,0,8
2324,200,0,3
340,78.87,2,7
419,164,0,3
941,164,0,1
333,164,0,3
941,45.15,1,3
365,174,0,3
395,164,0,4
524,86.24,2,3
19,164,0,8
67,164,0,3
907,164,0,3
,164,0,3
985,164,2,3
63,164.12,0,2
20,49.64,0,8
358,86.24,2,7
4757,202.59,1,1
,164.27,0,3
355,164,2,4
116,164,2,1
1823,164.64,2,3
,263,0,4
4614,164,2,3
1013,64.8,0,3
7940,46.36,2,7
1867,61.2,0,3
3561,91.91,2,7
388,173.45,0,1
753,174,0,6
3175,204.61,0,1
2614,14.25,2,6
380,174,2,3
190,68.36,2,3
41,78.87,2,6
518,240,0,7
1186,91.5,2,6
441,91.5,2,6
1149,49.39,2,6
209,19,2,7
24,149.57,0,6
2762,34.2,2,6
6088,174,2,1
778,62.22,0,1
1018,174.6,2,3
12,78.87,2,3
945,36,0,7
138,109.8,2,7
2642,174.61,0,1
213,19,2,1
351,64.8,2,3
1747,34.2,2,3
390,36,2,3
549,43.22,2,4
,199.49,0,8
1167,240,2,3
,184.44,2,8
78,91.5,2,6
4474,211.09,0,8
127,36,0,1
226,90.87,2,1
1150,97,0,3
662,174,2,8
18,49.5,0,8
12,174,0,3
568,121,0,2
2223,0,2,1
1333,174,2,3
138,172.95,0,3
162,48.6,0,4
515,36,0,3
352,78.87,2,6
131,240,0,1
902,122.27,0,7
298,314.27,0,7
1523,174,2,3
149,184.44,0,8
35,91.5,2,1
414,211.51,2,3
3300,19,2,4
296,93.57,0,3
247,29,0,3
1,49.33,1,4
643,25.65,2,7
749,240,2,7
6,36,2,3
383,63.63,2,3
3607,68.15,2,3
29196,467.8,0,7
599,19,2,1
133,19,2,1
871,36,0,8
1629,63,2,3
1111,96.99,2,7
101,61.18,1,8
755,44.14,1,2
114,172.78,0,6
38,0,2,6
299,84.96,0,1
260,174.6,2,1
2,1.2,2,4
614,19,2,1
7561,36,0,1
1790,174,0,3
554,174,2,4
780,111.34,2,4
400,43.34,1,3
560,91.5,2,4
120,174,0,3
97,192.37,2,8
2164,33.25,2,3
108,78.87,2,3
798,211.37,1,7
181,173.27,2,8
253,174,2,8
35,49.5,0,3
378,239.99,2,7
376,36,0,8
168,36,0,8
1196,91.5,2,6
104,174.28,0,1
580,36,0,8
4276,71.7,1,8
4032,19,2,3
1903,91.5,2,1
573,36,0,3
155,130,0,2
1500,36,2,1
3700,19,2,6
1459,93.49,0,3
5545,34.2,2,3
247,36.04,0,3
8504,19,2,3
1459,91.5,2,3
0,4.18,2,4
5,184.44,0,3
1377,414,0,3
40,82.04,2,2
347,68.36,2,1
631,34.22,2,1
,143.99,1,6
393,149.99,2,3
123,36,0,3
203,184.91,0,6
42,78.88,2,6
643,91.5,2,7
266,36,2,3
365,96.99,2,3
33,240,0,1
333,33.24,2,6
574,102.04,2,1
437,58.81,1,7
230,49.5,0,1
1010,63.72,0,1
243,27,0,1
584,107.86,0,3
6057,80.85,2,7
1727,91.49,2,3
1457,184.44,2,3
200,42.84,1,6
882,184.44,0,8
48,49.33,0,4
119,99,0,1
694,78.88,2,1
1724,174,0,6
1599,64.8,0,3
301,273.45,0,3
9438,86.98,2,7
362,51,2,6
1,240,2,8
4,19,1,3
304,18.93,2,4
1279,36.16,0,1
8941,64.8,0,3
696,63.63,2,6
104,240,0,7
1262,81.29,1,3
297,19,1,3
342,19,2,6
582,97,2,3
1620,34.18,2,3
435,51,2,3
1955,214.82,2,3
52,96.99,2,3
534,240,0,7
61,239.51,0,4
875,184.44,0,8
643,34.2,2,5
295,174.4,0,2
,99,0,8
7,99,0,8
989,77.11,0,1
64,36,0,1
883,78.88,2,4
264,174.24,0,1
428,156,2,3
607,19,2,2
193,59.18,0,7
116,184.44,0,3
3159,182.21,1,2
372,121,2,4
6,156,0,3
692,10.07,2,7
69,184.44,2,1
2922,184.44,0,3
276,10.07,2,1
209,119,0,4
1263,146.41,1,4
9436,63.63,2,4
864,259,0,6
67,184.57,0,3
230,43.2,2,4
3212,19,2,4
321,19,2,1
367,43.92,1,4
238,19,2,1
2962,197.87,2,4
739,119,0,2
413,36,0,8
69,119,0,6
20202,221.58,1,3
842,119,0,4
2385,122.75,0,6
2842,141.61,1,4
670,63.63,2,6
23,49.49,0,1
1547,51,2,1
1708,156,2,4
143,96.99,2,3
347,119,2,1
816,119,0,4
15,121,2,1
1211,0,2,1
49,143.8,0,1
840,36,2,6
204,119,0,8
989,18.07,0,6
638,118.32,0,7
,49.5,2,1
35,0,2,2
440,240,0,3
4,348,0,4
1467,119,0,4
4298,78.88,2,3
426,36,2,4
261,174,2,3
848,119,2,2
148,36,2,4
179,36,0,6
1447,174,0,6
8,325.6,1,4
634,119,2,6
714,91.8,2,3
2498,226.09,2,3
656,97,2,4
3029,149.99,2,4
517,348,0,1
1031,67.9,2,7
158,119,2,4
1964,119,2,4
1297,51,2,6
386,174,0,1
3522,78.87,2,3
997,78.88,2,3
844,212.28,1,6
170,91.5,2,3
5693,119,2,4
895,467,0,2
,184.44,0,7
5617,303.44,0,3
,121,0,2
319,63.63,2,3
475,119,0,2
565,121,0,6
1212,63.63,2,6
1103,64.8,2,6
3448,36,0,7
485,285.27,1,3
228,14.25,2,3
40,68.36,2,1
6463,143.61,0,4
26,35.96,2,7
195,373.2,0,1
2482,70.07,0,1
7569,36,0,3
59,207.48,1,3
510,135.23,0,2
109,49.55,0,4
151,184.44,0,2
65,119,2,2
1705,9.5,2,3
2888,271.81,2,1
866,36,2,6
513,91.5,2,3
173,208.09,1,3
1829,18,2,4
521,97,2,2
1931,119,0,2
2949,64.8,2,7
113,174,0,3
410,119,0,2
87,49.5,0,1
1050,64.8,2,8
134,36,2,1
997,19,2,6
1597,91.51,2,6
5831,81.31,2,1
458,36,0,4
145,78.87,2,1
1861,64.8,0,2
290,142.8,1,1
1032,184.44,0,3
366,174,0,3
497,78.87,2,3
3192,119,0,2
184,119,1,2
2136,121,2,2
,174,2,3
2517,174,0,2
384,29.01,0,3
201,36,0,8
1634,36,0,1
830,18,2,2
356,35.99,0,3
152,19,2,3
769,119,2,2
4150,34.2,2,1
259,119,0,2
444,173.75,0,3
451,183,2,3
423,119,0,6
167,42.8,1,3
69,119,0,6
799,119,2,4
1114,34.2,2,1
273,174,2,3
1,27,0,3
267,119,0,6
360,174,0,1
1308,365.75,2,8
1573,27,2,4
104,149.57,0,1
114,119,2,1
1584,19,2,2
2029,172.8,2,2
601,119,2,4
298,119,2,6
122,112.48,2,1
605,184.44,0,3
264,119,0,8
181,63.63,2,3
385,19,2,3
709,78.88,2,3
3928,220.99,1,3
130,119,0,6
254,240,2,7
196,35.7,2,3
1718,19,2,1
707,174,0,1
125,149.99,0,3
2411,97,0,7
1511,217.5,1,1
23606,159.74,0,1
602,93.73,0,1
602,49.41,2,3
326,49.5,0,1
3513,36,2,4
4025,86.12,2,6
495,119,0,6
1031,174,2,3
3495,35.15,2,6
3192,149.99,2,2
2540,19,2,3
597,184.33,0,3
345,49.46,0,4
18,174,0,3
1737,36,2,6
341,149.9,2,1
3102,173.17,0,2
507,293,0,2
151,174,0,8
375,64.8,0,6
719,124.11,1,3
392,173.49,0,6
872,91.5,2,1
3105,174,0,7
1,240,0,3
16,268.99,2,6
3,119,0,6
61,119,2,1
2444,173.01,1,7
82,119,0,6
282,174.24,0,3
112,149.99,0,3
1654,36,0,3
1119,77.11,2,6
4,49.4,0,1
818,173.47,0,3
1789,64.8,0,4
66,174,0,3
1,184.44,0,3
778,129.68,1,1
1872,213.36,0,3
200,78.88,2,3
528,78.87,2,7
57,49.59,0,1
259,97,0,8
48,36,0,8
1590,91.8,2,3
482,149.99,2,3
3,96.99,2,3
1442,18,2,4
402,207.94,1,3
129,36,0,1
4,149.99,0,3
71,119,0,1
165,149.99,0,2
1788,180.8,1,3
1328,149.99,0,1
7,149.99,2,4
18,78.87,2,7
236,150.44,0,2
546,178.34,1,3
48,149.99,0,3
163,19,2,3
107,149.24,1,4
1360,78.87,2,3
129,78.87,2,3
1217,149.99,0,1
259,149.99,0,1
101,119,0,8
274,44.07,1,8
242,123.55,2,3
2047,149.99,0,8
,149.99,0,1
145,149.6,0,3
37,149.99,0,4
759,78.87,2,3
15,149.99,0,3
,119,2,6
986,149.99,0,1
77,78.87,2,3
6,149.99,0,3
162,178.11,1,7
428,78.87,2,5
,119,0,4
134,149.99,0,3
223,78.87,2,2
241,36,2,3
47,149.99,2,7
422,149.99,2,7
940,149.99,2,7
34,78.87,2,7
65,78.87,2,7
2333,44.28,2,1
18,119,2,7
1424,149.99,1,3
,78.87,2,6
263,36,2,4
1,49.5,2,4
386,269.46,2,4
7,119,2,4
744,119,2,6
1031,78.87,2,3
7,141.61,1,6
853,149.99,0,3
,78.87,2,2
85,36.01,0,1
3401,78.88,2,1
564,149.99,2,4
254,149.99,0,2
125,14.25,2,1
1801,78.87,2,4
1801,119,2,8
18,19,2,1
,78.88,2,6
356,147.56,2,8
237,36,0,1
157,97,2,8
865,78.87,2,2
150,246.99,2,1
5007,61.2,2,3
796,149.99,2,7
256,78.88,2,1
436,119,2,2
384,185.89,2,1
1373,64.8,2,4
638,78.87,2,4
181,119,2,6
1142,62.22,2,4
785,119,0,2
1038,150.36,0,1
653,149.57,0,4
175,149.58,0,7
399,149.99,2,7
352,36,2,8
2193,68.15,2,1
106,149.99,1,6
,149.99,0,4
,149.99,0,3
,149.99,0,1
105,149.99,0,3
,119,2,2
1253,78.87,2,7
30,78.87,2,3
82,119,0,1
528,149.99,0,6
1765,150.32,0,3
68,149.99,0,8
616,78.87,2,4
207,183,2,7
8,149.99,0,1
5,149.99,2,3
1455,113.45,2,7
,149.85,2,6
322,149.99,0,3
1850,19,2,3
42,119,0,8
196,149.99,0,8
637,149.99,0,3
456,19,2,3
31,149.99,0,3
,150.42,0,1
168,150.29,0,4
,268.99,0,1
95,149.99,0,3
40,149.51,0,1
295,149.51,0,3
156,149.99,2,8
187,149.99,2,7
168,63.63,2,3
343,49.5,2,1
77,36,0,1
4180,91.5,2,3
802,91.5,2,1
537,64.8,2,8
100,51,2,3
158,174,0,3
692,36,0,6
,184.44,0,1
115,62.22,2,4
111,29,0,3
66,30.6,2,4
180,174,0,7
307,19,2,2
207,36,0,3
359,149.99,2,1
39,72.56,2,1
303,141,2,3
15,174,0,7
2416,64.8,2,1
221,27,0,2
46,121,1,2
458,63.63,2,1
118,36,0,8
204,43.92,1,1
117,174,0,6
4357,77.76,1,6
290,19,2,2
63,184.49,1,6
93,36,0,4
594,348,0,8
1672,172.78,0,3
36448,31.16,2,3
557,130,2,7
190,91.5,2,3
442,78.87,2,3
2070,14.25,2,6
3431,174,0,6
651,85.5,2,3
480,70,2,3
713,19,2,3
5447,34.2,2,6
219,19,2,4
609,14.25,2,6
3269,141,2,3
124,174,0,3
2,36,0,1
1159,36,2,1
10,63.63,2,3
72,36,0,3
1114,27,2,3
455,19,2,3
53,174,0,3
191,14.25,2,3
543,36,1,8
1016,36,2,6
158,86.25,2,3
1956,36,2,2
553,36,2,3
276,174,1,6
585,174,0,3
5114,91.5,2,4
537,42.12,2,7
397,43.92,1,6
2,49.5,0,8
968,125.99,2,3
953,42.12,2,1
2415,79.7,2,1
9418,87.84,0,8
667,43.92,1,1
273,184.44,0,8
40,14.25,2,3
5106,174,2,2
272,149.99,0,2
289,174,0,1
28,155.52,1,4
73,49.5,0,1
432,149.99,2,3
77,29,2,3
7,91.5,2,3
984,149.99,0,3
1156,18,2,8
3816,154.22,1,6
14,29,2,3
183,19,2,3
1494,34.2,2,3
1209,36,0,3
1068,91.5,2,2
992,36,0,1
9582,83.53,2,7
275,174.93,1,6
1590,27,1,6
5790,174,0,3
2288,64.8,0,1
500,49.5,2,1
35,97,0,8
546,64.8,2,1
85,184.44,0,3
42,184.44,0,8
1105,174,0,3
0,49.5,0,1
793,91.5,2,7
20,174,0,1
31,184.44,1,3
363,207.06,2,1
34,184.44,0,3
495,149.99,0,3
800,34.2,2,1
94,91.5,2,3
377,155.12,0,2
3214,34.2,2,2
28,49.5,0,3
277,96.99,2,1
331,207.06,1,3
1647,19,2,3
44,184.44,0,6
240,358.44,0,3
8,49.5,2,8
1622,174,0,7
38,68.36,2,7
276,174,2,1
496,36,0,6
177,36,2,4
1900,19,2,4
2085,51,2,8
147,51,2,3
271,36,0,6
156,91.5,2,3
131,174,1,3
868,19,2,3
970,214.02,1,6
379,210.54,2,8
3418,89.74,2,3
48,43.56,1,8
157,64.8,0,1
12,99,0,7
4635,96.99,2,1
327,42.84,1,8
523,348,0,1
684,64.8,0,8
215,64.8,0,1
510,97,0,6
175,184.44,0,6
80,36,0,2
2085,216.83,1,3
1528,207.06,1,8
1720,14.25,2,3
301,174,0,1
31,77.3,2,7
455,174,2,3
2110,121,0,3
761,91.5,2,3
294,91.5,2,3
105,118.32,2,7
5,72.56,2,8
10,49.5,0,8
10,121,2,3
1300,174,2,2
437,91.5,2,3
362,68.15,2,1
22,240,0,1
20,63.63,2,3
1187,207.06,1,6
2746,50.12,2,3
23,156,0,2
756,36,0,6
279,149.99,2,3
311,43.56,1,1
9,184.44,0,3
131,174,0,3
53,36,2,7
208,25.2,0,7
537,19,2,2
39,240,2,3
221,174,0,3
4298,82.04,2,3
110,174,0,1
1358,44.64,2,3
392,174,0,1
9,174,0,3
1690,62.22,2,1
562,51,2,3
7,49.5,0,8
32,29,0,3
714,184.44,0,3
1806,235.2,2,7
1369,25.5,2,3
2,184.44,0,3
145,36,0,1
117,29,0,3
1237,174,2,3
182,184.44,0,3
195,174,2,1
812,42.84,1,3
197,91.5,2,3
76,14.25,2,5
220,32.13,1,3
255,215.76,2,7
21,29,2,3
3262,32.4,1,7
365,64.8,0,6
452,174,2,1
70,36,2,3
45,19,2,6
1158,68.36,2,3
768,36,0,1
318,184.44,1,3
1333,64.8,0,1
4594,185.58,2,3
1585,36,0,1
915,91.5,2,8
265,33.21,2,3
43,27,0,3
11,68.36,2,7
486,86.25,2,3
935,174,0,8
1270,174,0,1
510,91.5,2,7
285,14.25,2,3
66,36,0,3
322,174,0,8
84,82.04,2,3
518,174,0,3
1131,72.56,2,3
1598,63.63,2,3
377,174,0,7
330,36,0,1
86,121,0,3
0,240,0,8
717,19,2,4
962,62.22,2,3
571,121,0,4
264,174,0,6
3574,371.26,1,3
333,63.63,2,4
23,184.44,0,6
385,34.2,2,1
2424,91.5,2,3
6445,19,2,1
2747,121,2,1
476,91.5,2,3
49,63.63,2,3
509,63.63,2,3
180,63.63,2,3
514,72.56,2,6
467,34.2,2,4
35,130,0,3
455,63.63,2,1
,96.99,2,3
705,174,2,3
105,96.99,2,3
89,64.8,0,1
121,49.5,0,3
139,96.99,2,3
497,19,2,3
348,68.36,2,6
867,121,2,7
60,36,0,3
210,63.63,2,3
724,63.63,2,3
,201.63,2,2
1652,19,2,7
246,121,2,3
350,121,1,6
53,121,0,2
948,63.63,0,6
366,137.98,0,2
1324,121,2,7
353,63.63,2,1
1,143.99,1,1
50,63.63,2,7
20,121,0,6
47,63.63,2,6
172,64.8,0,3
276,121,0,8
,143.99,1,6
729,121,2,1
11072,159,0,3
129,130,0,4
22,63.63,2,3
668,121,2,7
246,63.63,2,7
335,121,0,3
131,63.63,2,8
119,63.63,2,3
97,156,1,1
6,63.63,2,2
2383,261.6,1,7
13,121,0,8
12,145.2,1,8
1852,68.36,2,3
,147.62,1,8
1404,64.8,0,3
699,63.63,2,3
1177,130,0,3
526,130,0,4
7,130,0,1
143,68.36,2,3
20,130,2,3
692,130,0,1
60,68.36,2,2
35,68.36,2,3
587,68.36,2,1
6,130,0,1
159,130,0,6
336,68.36,2,1
24,130,0,3
0,68.36,2,3
36,68.36,2,4
21,49.5,0,1
233,137.98,2,3
108,130,2,3
0,137.98,0,4
,72.56,2,6
679,137.98,0,3
570,137.98,0,2
215,72.56,2,3
199,36,0,6
191,36,0,3
436,169.72,2,4
742,72.56,2,1
0,49.5,0,4
1314,64.8,2,7
25,137.98,0,3
159,137.98,0,3
65,72.56,2,1
219,137.98,0,3
58,77.3,2,3
43,72.56,2,1
386,174,0,6
4,169.72,2,3
3,147,2,4
890,36,2,4
1004,137.98,0,8
76,72.56,2,6
44,86.25,2,1
1,72.56,2,3
,72.56,2,3
,72.56,2,3
700,166.96,1,6
5,77.3,2,1
50,58.91,2,3
39,164.01,2,2
212,147,0,1
178,49.5,2,1
378,49.5,2,1
20,147,0,3
92,49.5,0,1
185,36,0,1
1191,147,2,3
190,147,0,8
115,147,0,1
194,36,2,1
358,147,2,3
123,147,0,3
485,77.3,2,2
669,77.3,2,1
587,36,2,3
23,156,0,4
256,49.5,0,8
121,19,2,3
1592,156,0,4
17,164.01,0,3
,156,2,6
125,82.04,2,4
553,91.5,2,4
173,82.04,2,3
98,82.04,2,3
49,174,0,2
,156,2,4
86,98.45,2,7
,156,0,4
156,156,2,3
206,82.04,2,3
404,86.25,2,8
,156,2,6
115,156,2,4
1201,164.01,0,7
9,86.25,2,3
1278,164.01,0,2
602,86.25,2,6
371,86.25,2,6
118,86.25,2,7
458,164.01,0,3
258,164.01,0,1
36,164.01,0,3
75,201.73,2,7
,86.25,2,3
677,164.01,0,3
23,201.73,2,7
117,86.25,2,1
706,86.25,2,3
225,36,0,3
1218,86.25,2,6
357,97,0,1
1715,174,0,4
172,29,0,3
352,36,2,4
448,91.5,2,3
140,174,0,7
3,0,0,7
389,19,2,7
565,51,2,3
151,174,0,4
528,44.28,0,3
707,19,2,6
96,96.99,2,3
234,49.5,2,4
51,60.89,2,4
138,42.84,1,3
88,19,2,3
222,9.5,2,3
223,19,2,3
918,19,2,1
259,16.15,2,4
665,215.76,2,7
194,19,2,3
902,91.5,2,1
167,214.02,1,2
454,219.48,1,8
119,36,0,7
95,36,0,7
0,79,0,3
8,49.5,0,1
20,138,0,2
416,138,0,6
4,156,2,6
82,96.99,2,3
95,14.25,2,1
783,91.5,2,3
194,348,2,7
798,228.71,1,3
77,36,0,3
23,174,0,8
19,78.87,2,7
126,14.25,2,7
183,151,2,4
40,143,0,2
78,49.5,2,8
380,96.99,2,3
523,36,0,3
264,91.5,2,7
133,14.25,2,8
22,184.44,0,8
660,91.5,2,3
20,147,0,2
279,91.5,2,4
268,9.5,2,1
9,9.5,2,1
307,151,2,7
166,174,2,3
114,179.69,1,6
139,36,2,3
137,185.64,1,6
221,174,0,2
64,149.99,0,3
115,156,0,2
242,207.06,2,4
770,19,2,7
473,19,2,1
87,174,0,8
,184.44,0,8
527,30.6,2,7
69,174,0,1
757,19,2,3
409,36,0,3
3,174,0,8
,164,0,1
61,19,2,3
1,19,2,4
230,174,0,1
201,27,0,3
229,164,0,2
,164,0,2
1250,36,2,1
113,174,0,7
54,49.5,0,1
101,36,0,8
437,14.25,2,3
3,49.5,0,1
,79,2,3
94,36,0,1
,79,2,3
11,79,0,3
0,79,0,3
4,79,0,3
,228.99,0,3
,79,0,3
15,79,0,3
59,79,2,3
222,174,0,3
58,79,0,3
,79,0,3
115,184.44,0,3
126,36,0,3
7,79,2,3
,94.8,2,4
111,17.81,1,1
0,79,0,6
,94.01,1,4
22,79,2,1
90,240,1,3
3,79,0,4
28,79,0,4
38,49.5,0,1
,79,0,3
58,94.01,1,3
213,251.76,0,3
119,208.8,2,3
54,184.44,0,1
0,95.59,1,3
30,49.5,2,4
11,79,0,3
28,79,0,2
57,36,2,2
44,36,2,1
,79,0,3
